{"eval_method":{"0":0,"1":"hyde_pathway","2":"hyde_multi_reranker_crossencoder","3":"hyde_multi_bm25_reranker_crossencoder","4":"mixed_states_tools_nvda","5":"hyde_multi_bm25_reranker_bge"},"faithfulness":{"0":[-1,-1],"1":[0.8463,0.15385],"2":[0.8837,0.11695],"3":[0.8768,0.12775],"4":[0.6935,0.1992],"5":[0.8298,0.1231]},"factual_correctness":{"0":[-1,-1],"1":[0.5585,0.1637],"2":[0.5539,0.136],"3":[0.5868,0.134],"4":[0.5216,0.1931],"5":[0.5172,0.1553]},"recall":{"0":[-1,-1],"1":[0.6885,0.1918],"2":[0.7464,0.1775],"3":[0.8484,0.13745],"4":[0.5853,0.22555],"5":[0.8032,0.1836]},"rouge_score":{"0":[-1,-1],"1":[0.3726,0.103],"2":[0.3575,0.0952],"3":[0.3996,0.11285],"4":[0.4545,0.14295],"5":[0.4628,0.12155]},"semantic_similarity":{"0":[-1,-1],"1":[0.8883,0.0444],"2":[0.8932,0.03455],"3":[0.8935,0.0341],"4":[0.866,0.06495],"5":[0.9119,0.0406]},"bleu_score":{"0":[-1,-1],"1":[null,null],"2":[0.2212,null],"3":[0.4777,0.0981],"4":[0.2395,0.12105],"5":[null,null]}}