{
  "eval_method": {
    "0": 0,
    "1": "mixed_states_tools_nvda"
  },
  "faithfulness": {
    "0": [-1, -1],
    "1": [0.6935, 0.1992]
  },
  "factual_correctness": {
    "0": [-1, -1],
    "1": [0.5216, 0.1931]
  },
  "recall": {
    "0": [-1, -1],
    "1": [0.5853, 0.22555]
  },
  "rouge_score": {
    "0": [-1, -1],
    "1": [0.4545, 0.14295]
  },
  "semantic_similarity": {
    "0": [-1, -1],
    "1": [0.866, 0.06495]
  },
  "bleu_score": {
    "0": [-1, -1],
    "1": [0.2395, 0.12105]
  }
}
